{"accuracy": [0.06258002668619156, 0.09859155118465424, 0.12427976727485657, 0.13692381978034973, 0.1538892388343811, 0.17149487137794495, 0.17781689763069153, 0.17917734384536743, 0.1939820796251297, 0.20190460979938507, 0.21214789152145386, 0.2132682502269745, 0.2195102423429489, 0.22159090638160706, 0.2470390498638153, 0.25224071741104126, 0.2516005039215088, 0.2566421329975128, 0.2612035870552063, 0.26368439197540283, 0.26680538058280945, 0.27088668942451477, 0.27288731932640076, 0.2748079299926758, 0.2744078040122986, 0.2865717113018036, 0.2796894907951355, 0.28000959753990173, 0.29257363080978394, 0.2826504409313202, 0.2816101014614105, 0.28529128432273865, 0.2844110131263733, 0.28961268067359924, 0.2889724671840668, 0.2844110131263733], "loss": [3.985574960708618, 3.713512659072876, 3.5394983291625977, 3.4437785148620605, 3.3747003078460693, 3.296522617340088, 3.2466816902160645, 3.2142581939697266, 3.15165638923645, 3.1044461727142334, 3.0717413425445557, 3.044616222381592, 3.015620231628418, 2.986537218093872, 2.8650503158569336, 2.8487555980682373, 2.820713520050049, 2.8017847537994385, 2.791928768157959, 2.7840869426727295, 2.7725682258605957, 2.7576088905334473, 2.7481462955474854, 2.743927001953125, 2.7406883239746094, 2.7022387981414795, 2.694446325302124, 2.6961917877197266, 2.6698522567749023, 2.6800730228424072, 2.6812283992767334, 2.687368392944336, 2.6901464462280273, 2.67756724357605, 2.660130262374878, 2.6839511394500732], "val_accuracy": [0.11087419837713242, 0.13539445400238037, 0.15778250992298126, 0.18230277299880981, 0.17057569324970245, 0.2238806039094925, 0.22921109199523926, 0.2622601389884949, 0.23454158008098602, 0.26439231634140015, 0.28464818000793457, 0.22601279616355896, 0.278251588344574, 0.28678038716316223, 0.305970162153244, 0.2985074520111084, 0.3155650198459625, 0.3283582031726837, 0.3251599073410034, 0.32942432165145874, 0.33262258768081665, 0.3443496823310852, 0.35181236267089844, 0.34648188948631287, 0.3379530906677246, 0.3507462739944458, 0.3475479781627655, 0.34648188948631287, 0.34541577100753784, 0.35181236267089844, 0.35501065850257874, 0.34541577100753784, 0.34541577100753784, 0.34648188948631287, 0.3443496823310852, 0.3475479781627655], "val_loss": [3.7110583782196045, 3.4621903896331787, 3.33221697807312, 3.2260398864746094, 3.2302253246307373, 2.9854159355163574, 3.02062726020813, 2.84944486618042, 2.9546756744384766, 2.933596134185791, 2.7534677982330322, 3.0667009353637695, 2.8316903114318848, 2.7667124271392822, 2.6181297302246094, 2.657183885574341, 2.5813536643981934, 2.5851194858551025, 2.5514073371887207, 2.5359275341033936, 2.5664172172546387, 2.493314027786255, 2.5485055446624756, 2.5302817821502686, 2.5435006618499756, 2.4828763008117676, 2.5513789653778076, 2.5123119354248047, 2.4812920093536377, 2.4842052459716797, 2.4647376537323, 2.504849672317505, 2.4782755374908447, 2.4777140617370605, 2.468724012374878, 2.472569227218628], "learning_rate": [0.0010000000474974513, 0.0010000000474974513, 0.0010000000474974513, 0.0010000000474974513, 0.0010000000474974513, 0.0010000000474974513, 0.0010000000474974513, 0.0010000000474974513, 0.0010000000474974513, 0.0010000000474974513, 0.0010000000474974513, 0.0010000000474974513, 0.0010000000474974513, 0.0010000000474974513, 0.00020000000949949026, 0.00020000000949949026, 0.00020000000949949026, 0.00020000000949949026, 0.00020000000949949026, 0.00020000000949949026, 0.00020000000949949026, 0.00020000000949949026, 0.00020000000949949026, 0.00020000000949949026, 0.00020000000949949026, 4.0000002627493814e-05, 4.0000002627493814e-05, 4.0000002627493814e-05, 4.0000002627493814e-05, 4.0000002627493814e-05, 4.0000002627493814e-05, 4.0000002627493814e-05, 4.0000002627493814e-05, 4.0000002627493814e-05, 8.000000889296643e-06, 8.000000889296643e-06]}