{"accuracy": [0.06017925590276718, 0.09034891426563263, 0.10507362335920334, 0.1279609501361847, 0.13548335433006287, 0.1440460979938507, 0.16029129922389984, 0.16853393614292145, 0.1776568442583084, 0.1827784925699234, 0.1961427628993988, 0.20094430446624756, 0.20366516709327698, 0.21262803673744202, 0.21430857479572296, 0.22343149781227112, 0.2259923219680786, 0.22375160455703735, 0.23255442082881927, 0.23319461941719055, 0.24895966053009033, 0.2524007558822632, 0.25248080492019653, 0.24935980141162872, 0.25736236572265625, 0.22279129922389984, 0.2466389238834381], "loss": [4.005595684051514, 3.7878992557525635, 3.641641616821289, 3.5205349922180176, 3.4614176750183105, 3.407860279083252, 3.313570022583008, 3.275749444961548, 3.2273449897766113, 3.1931352615356445, 3.1265335083007812, 3.096935987472534, 3.077904224395752, 3.0501081943511963, 3.02199387550354, 2.9940099716186523, 2.964928388595581, 2.9545607566833496, 2.939157009124756, 2.9262993335723877, 2.844099998474121, 2.835087299346924, 2.8354873657226562, 2.8416008949279785, 2.810943365097046, 2.98982310295105, 2.859222173690796], "val_accuracy": [0.07569296658039093, 0.11194030195474625, 0.14498934149742126, 0.17377398908138275, 0.17164179682731628, 0.21002131700515747, 0.1950959414243698, 0.21961620450019836, 0.21961620450019836, 0.23454158008098602, 0.2558635473251343, 0.24307036399841309, 0.25799572467803955, 0.2889125943183899, 0.2750532925128937, 0.2633262276649475, 0.3091684579849243, 0.2985074520111084, 0.30063965916633606, 0.3017057478427887, 0.304904043674469, 0.32302772998809814, 0.3017057478427887, 0.3347547948360443, 0.31343284249305725, 0.31343284249305725, 0.3176972270011902], "val_loss": [3.838186740875244, 3.581325054168701, 3.444585084915161, 3.2792932987213135, 3.207855701446533, 3.151590347290039, 3.140684127807617, 2.9773197174072266, 2.9794931411743164, 2.8821470737457275, 2.8667855262756348, 2.8271796703338623, 2.8302505016326904, 2.7345266342163086, 2.703258991241455, 2.7873260974884033, 2.596566915512085, 2.689396381378174, 2.665741443634033, 2.6510796546936035, 2.6578173637390137, 2.5364503860473633, 2.676096200942993, 2.5577034950256348, 2.581129789352417, 2.5997235774993896, 2.5900440216064453], "learning_rate": [0.0010000000474974513, 0.0010000000474974513, 0.0010000000474974513, 0.0010000000474974513, 0.0010000000474974513, 0.0010000000474974513, 0.0010000000474974513, 0.0010000000474974513, 0.0010000000474974513, 0.0010000000474974513, 0.0010000000474974513, 0.0010000000474974513, 0.0010000000474974513, 0.0010000000474974513, 0.0010000000474974513, 0.0010000000474974513, 0.0010000000474974513, 0.0010000000474974513, 0.0010000000474974513, 0.0010000000474974513, 0.00020000000949949026, 0.00020000000949949026, 0.00020000000949949026, 0.00020000000949949026, 0.00020000000949949026, 4.0000002627493814e-05, 4.0000002627493814e-05]}